{
  "10_hm": {
    "position": [
      1.576696,
      1.576696,
      0.158916
    ],
    "view": [
      140.0,
      0.0,
      0.0,
      -21.6,
      0.0,
      140.0,
      0.0,
      9.3,
      -0.0,
      0.0,
      140.0,
      41.3
    ]
  },
  "11_hm": {
    "position": [
      4.929512000000001,
      1.576696,
      0.158916
    ],
    "view": [
      140.0,
      0.0,
      0.0,
      -21.6,
      0.0,
      140.0,
      0.0,
      -464.2,
      -0.0,
      0.0,
      140.0,
      41.3
    ]
  },
  "12_hm": {
    "position": [
      8.282328000000001,
      1.576696,
      0.158916
    ],
    "view": [
      140.0,
      0.0,
      0.0,
      -21.6,
      0.0,
      140.0,
      0.0,
      -937.7,
      -0.0,
      0.0,
      140.0,
      41.3
    ]
  },
  "13_hm": {
    "position": [
      11.635144,
      1.576696,
      0.158916
    ],
    "view": [
      140.0,
      0.0,
      0.0,
      -21.6,
      0.0,
      140.0,
      0.0,
      -1411.2,
      -0.0,
      0.0,
      140.0,
      41.3
    ]
  },
  "14_hm": {
    "position": [
      14.987960000000001,
      1.576696,
      0.158916
    ],
    "view": [
      140.0,
      0.0,
      0.0,
      -21.6,
      0.0,
      140.0,
      0.0,
      -1884.7,
      -0.0,
      0.0,
      140.0,
      41.3
    ]
  },
  "15_hm": {
    "position": [
      18.340776,
      1.576696,
      0.158916
    ],
    "view": [
      140.0,
      0.0,
      0.0,
      -21.6,
      0.0,
      140.0,
      0.0,
      -2358.2,
      -0.0,
      0.0,
      140.0,
      41.3
    ]
  },
  "16_hm": {
    "position": [
      21.693592000000002,
      1.576696,
      0.158916
    ],
    "view": [
      140.0,
      0.0,
      0.0,
      -21.6,
      0.0,
      140.0,
      0.0,
      -2831.7,
      -0.0,
      0.0,
      140.0,
      41.3
    ]
  },
  "17_hm": {
    "position": [
      25.046408000000003,
      1.576696,
      0.158916
    ],
    "view": [
      140.0,
      0.0,
      0.0,
      -21.6,
      0.0,
      140.0,
      0.0,
      -3305.2,
      -0.0,
      0.0,
      140.0,
      41.3
    ]
  },
  "18_hm": {
    "position": [
      28.399224000000004,
      1.576696,
      0.158916
    ],
    "view": [
      140.0,
      0.0,
      0.0,
      -21.6,
      0.0,
      140.0,
      0.0,
      -3778.7,
      -0.0,
      0.0,
      140.0,
      41.3
    ]
  },
  "19_hm": {
    "position": [
      31.752040000000004,
      1.576696,
      0.158916
    ],
    "view": [
      140.0,
      0.0,
      0.0,
      -21.6,
      0.0,
      140.0,
      0.0,
      -4252.2,
      -0.0,
      0.0,
      140.0,
      41.3
    ]
  },
  "20_hm": {
    "position": [
      1.576696,
      4.929512000000001,
      0.158916
    ],
    "view": [
      140.0,
      0.0,
      0.0,
      -21.6,
      0.0,
      140.0,
      0.0,
      9.3,
      -0.0,
      0.0,
      140.0,
      -433.4
    ]
  },
  "21_hm": {
    "position": [
      4.929512000000001,
      4.929512000000001,
      0.158916
    ],
    "view": [
      140.0,
      0.0,
      0.0,
      -21.6,
      0.0,
      140.0,
      0.0,
      -464.2,
      -0.0,
      0.0,
      140.0,
      -433.4
    ]
  },
  "9_hm": {
    "position": [
      8.282328000000001,
      4.929512000000001,
      0.158916
    ],
    "view": [
      140.0,
      0.0,
      0.0,
      -21.6,
      0.0,
      140.0,
      0.0,
      -937.7,
      -0.0,
      0.0,
      140.0,
      -433.4
    ]
  },
  "default": {
    "layers": {
      "em-tomogram": {
        "contrastLimits": [
          0.0,
          255.0
        ]
      }
    }
  }
}