{
  "10_hm": {
    "normView": [
      "n0.30268568571622034",
      "n0.0",
      "n0.0",
      "n-0.49540680396285763",
      "n0.0",
      "n0.30268568571622034",
      "n0.0",
      "n-0.5158646667105433",
      "n-0.0",
      "n0.0",
      "n0.30268568571622034",
      "n-0.046215261237895364"
    ],
    "position": [
      1.576696,
      1.576696,
      0.158916
    ]
  },
  "11_hm": {
    "normView": [
      "n0.30268568571622034",
      "n0.0",
      "n0.0",
      "n-1.5134670046317542",
      "n0.0",
      "n0.30268568571622034",
      "n0.0",
      "n-0.5158646667105433",
      "n-0.0",
      "n0.0",
      "n0.30268568571622034",
      "n-0.046215261237895364"
    ],
    "position": [
      4.929512000000001,
      1.576696,
      0.158916
    ]
  },
  "12_hm": {
    "normView": [
      "n0.30268568571622034",
      "n0.0",
      "n0.0",
      "n-2.531527205300651",
      "n0.0",
      "n0.30268568571622034",
      "n0.0",
      "n-0.5158646667105433",
      "n-0.0",
      "n0.0",
      "n0.30268568571622034",
      "n-0.046215261237895364"
    ],
    "position": [
      8.282328000000001,
      1.576696,
      0.158916
    ]
  },
  "13_hm": {
    "normView": [
      "n0.30268568571622034",
      "n0.0",
      "n0.0",
      "n-3.549587405969547",
      "n0.0",
      "n0.30268568571622034",
      "n0.0",
      "n-0.5158646667105433",
      "n-0.0",
      "n0.0",
      "n0.30268568571622034",
      "n-0.046215261237895364"
    ],
    "position": [
      11.635144,
      1.576696,
      0.158916
    ]
  },
  "14_hm": {
    "normView": [
      "n0.30268568571622034",
      "n0.0",
      "n0.0",
      "n-4.5676476066384435",
      "n0.0",
      "n0.30268568571622034",
      "n0.0",
      "n-0.5158646667105433",
      "n-0.0",
      "n0.0",
      "n0.30268568571622034",
      "n-0.046215261237895364"
    ],
    "position": [
      14.987960000000001,
      1.576696,
      0.158916
    ]
  },
  "15_hm": {
    "normView": [
      "n0.30268568571622034",
      "n0.0",
      "n0.0",
      "n-5.58570780730734",
      "n0.0",
      "n0.30268568571622034",
      "n0.0",
      "n-0.5158646667105433",
      "n-0.0",
      "n0.0",
      "n0.30268568571622034",
      "n-0.046215261237895364"
    ],
    "position": [
      18.340776,
      1.576696,
      0.158916
    ]
  },
  "16_hm": {
    "normView": [
      "n0.30268568571622034",
      "n0.0",
      "n0.0",
      "n-6.603768007976237",
      "n0.0",
      "n0.30268568571622034",
      "n0.0",
      "n-0.5158646667105433",
      "n-0.0",
      "n0.0",
      "n0.30268568571622034",
      "n-0.046215261237895364"
    ],
    "position": [
      21.693592000000002,
      1.576696,
      0.158916
    ]
  },
  "17_hm": {
    "normView": [
      "n0.30268568571622034",
      "n0.0",
      "n0.0",
      "n-7.621828208645134",
      "n0.0",
      "n0.30268568571622034",
      "n0.0",
      "n-0.5158646667105433",
      "n-0.0",
      "n0.0",
      "n0.30268568571622034",
      "n-0.046215261237895364"
    ],
    "position": [
      25.046408000000003,
      1.576696,
      0.158916
    ]
  },
  "18_hm": {
    "normView": [
      "n0.30268568571622034",
      "n0.0",
      "n0.0",
      "n-8.63988840931403",
      "n0.0",
      "n0.30268568571622034",
      "n0.0",
      "n-0.5158646667105433",
      "n-0.0",
      "n0.0",
      "n0.30268568571622034",
      "n-0.046215261237895364"
    ],
    "position": [
      28.399224000000004,
      1.576696,
      0.158916
    ]
  },
  "19_hm": {
    "normView": [
      "n0.30268568571622034",
      "n0.0",
      "n0.0",
      "n-9.657948609982927",
      "n0.0",
      "n0.30268568571622034",
      "n0.0",
      "n-0.5158646667105433",
      "n-0.0",
      "n0.0",
      "n0.30268568571622034",
      "n-0.046215261237895364"
    ],
    "position": [
      31.752040000000004,
      1.576696,
      0.158916
    ]
  },
  "20_hm": {
    "normView": [
      "n0.30268568571622034",
      "n0.0",
      "n0.0",
      "n-0.49540680396285763",
      "n0.0",
      "n0.30268568571622034",
      "n0.0",
      "n-1.525730887446329",
      "n-0.0",
      "n0.0",
      "n0.30268568571622034",
      "n-0.046215261237895364"
    ],
    "position": [
      1.576696,
      4.929512000000001,
      0.158916
    ]
  },
  "21_hm": {
    "normView": [
      "n0.30268568571622034",
      "n0.0",
      "n0.0",
      "n-1.5134670046317542",
      "n0.0",
      "n0.30268568571622034",
      "n0.0",
      "n-1.525730887446329",
      "n-0.0",
      "n0.0",
      "n0.30268568571622034",
      "n-0.046215261237895364"
    ],
    "position": [
      4.929512000000001,
      4.929512000000001,
      0.158916
    ]
  },
  "9_hm": {
    "normView": [
      "n0.30268568571622034",
      "n0.0",
      "n0.0",
      "n-2.531527205300651",
      "n0.0",
      "n0.30268568571622034",
      "n0.0",
      "n-1.525730887446329",
      "n-0.0",
      "n0.0",
      "n0.30268568571622034",
      "n-0.046215261237895364"
    ],
    "position": [
      8.282328000000001,
      4.929512000000001,
      0.158916
    ]
  },
  "default": {
    "layers": {
      "em-tomogram": {
        "contrastLimits": [
          0.0,
          255.0
        ]
      }
    }
  }
}