label_id	filename	DMVs	Virions	DMS	connectors	zER	Fused DMVs	Peroxisomes	Golgi	ERGIC	ER	Mitochondria	MVB/Lys	Lamellar Bodies	Lipid droplets	autophagosomes	Glycogen clusters	Nucleus	PM	anchor_x	anchor_y	anchor_z	bb_min_x	bb_min_y	bb_min_z	bb_max_x	bb_max_y	bb_max_z
1.0	a1_t1	1	1	0	0	0.0	0	1	0.0	0	1	0	1	1	0	0.0	1	1	1	1.5642319999999996	1.564232	0.12931400000000018	0.0	0.0	0.0	3.128464	3.128464	0.258628
2.0	a1_t2	1	0	0	1	0.0	1	0	0.0	0	0	0	0	0	0	0.0	0	1	0	4.917047999999992	1.5642320000000005	0.12931400000000007	3.352816	0.0	0.0	6.481280000000001	3.128464	0.258628
3.0	a1_t3	1	1	1	1	0.0	1	1	0.0	1	1	1	0	0	0	0.0	1	1	0	8.269863999999988	1.564232	0.12931400000000007	6.7056320000000005	0.0	0.0	9.834096	3.128464	0.258628
4.0	a1_t4	1	0	0	0	0.0	0	1	0.0	0	1	1	0	0	1	0.0	1	0	0	11.622680000000004	1.5642320000000005	0.12931399999999996	10.058448	0.0	0.0	13.186912	3.128464	0.258628
5.0	a2_t5	1	0	0	1	0.0	1	0	0.0	0	1	1	0	0	1	0.0	0	0	0	14.975496	1.564232	0.12931400000000007	13.411264	0.0	0.0062320000000000006	16.539728	3.128464	0.252396
6.0	a2_t6	1	0	0	0	0.0	1	0	0.0	0	1	1	0	0	1	0.0	1	0	0	18.328312	1.5642320000000005	0.12931399999999996	16.76408	0.0	0.0	19.892544	3.128464	0.258628
7.0	a2_t7	1	0	0	1	0.0	0	0	0.0	0	1	1	0	0	0	0.0	0	0	0	21.681128	1.5642320000000007	0.12931400000000007	20.116896	0.0	0.0062320000000000006	23.24536	3.128464	0.252396
