{
  "a1_t1_hm": {
    "normView": [
      "n0.2745448396519001",
      "n0.0",
      "n0.0",
      "n0.2745448396519001",
      "n0.0",
      "n0.2745448396519001",
      "n0.0",
      "n-0.4337483002173521",
      "n-0.0",
      "n0.0",
      "n0.2745448396519001",
      "n-0.44715057475198905"
    ],
    "position": [
      1.576696,
      1.576696,
      0.13243000000000002
    ]
  },
  "a1_t2_hm": {
    "normView": [
      "n0.2745448396519001",
      "n0.0",
      "n0.0",
      "n0.2745448396519001",
      "n0.0",
      "n0.2745448396519001",
      "n0.0",
      "n-1.3585368202173522",
      "n-0.0",
      "n0.0",
      "n0.2745448396519001",
      "n-0.44715057475198905"
    ],
    "position": [
      4.929512000000001,
      1.576696,
      0.13243000000000002
    ]
  },
  "a1_t3_hm": {
    "normView": [
      "n0.2745448396519001",
      "n0.0",
      "n0.0",
      "n0.2745448396519001",
      "n0.0",
      "n0.2745448396519001",
      "n0.0",
      "n-2.283325340217352",
      "n-0.0",
      "n0.0",
      "n0.2745448396519001",
      "n-0.44715057475198905"
    ],
    "position": [
      8.282328000000001,
      1.576696,
      0.13243000000000002
    ]
  },
  "a1_t4_hm": {
    "normView": [
      "n0.2745448396519001",
      "n0.0",
      "n0.0",
      "n0.2745448396519001",
      "n0.0",
      "n0.2745448396519001",
      "n0.0",
      "n-3.2081138602173525",
      "n-0.0",
      "n0.0",
      "n0.2745448396519001",
      "n-0.44715057475198905"
    ],
    "position": [
      11.635144,
      1.576696,
      0.13243000000000002
    ]
  },
  "a2_t5_hm": {
    "normView": [
      "n0.2745448396519001",
      "n0.0",
      "n0.0",
      "n0.2745448396519001",
      "n0.0",
      "n0.2745448396519001",
      "n0.0",
      "n-4.132902380217352",
      "n-0.0",
      "n0.0",
      "n0.2745448396519001",
      "n-0.44715057475198905"
    ],
    "position": [
      14.987960000000001,
      1.576696,
      0.13243000000000002
    ]
  },
  "a2_t6_hm": {
    "normView": [
      "n0.2745448396519001",
      "n0.0",
      "n0.0",
      "n0.2745448396519001",
      "n0.0",
      "n0.2745448396519001",
      "n0.0",
      "n-5.057690900217352",
      "n-0.0",
      "n0.0",
      "n0.2745448396519001",
      "n-0.44715057475198905"
    ],
    "position": [
      18.340776,
      1.576696,
      0.13243000000000002
    ]
  },
  "a2_t7_hm": {
    "normView": [
      "n0.2745448396519001",
      "n0.0",
      "n0.0",
      "n0.2745448396519001",
      "n0.0",
      "n0.2745448396519001",
      "n0.0",
      "n-5.982479420217352",
      "n-0.0",
      "n0.0",
      "n0.2745448396519001",
      "n-0.44715057475198905"
    ],
    "position": [
      21.693592000000002,
      1.576696,
      0.13243000000000002
    ]
  },
  "default": {
    "layers": {
      "em-tomogram": {
        "contrastLimits": [
          0.0,
          255.0
        ]
      }
    }
  }
}