{
  "a1_t1_hm": {
    "normView": [
      "n0.30268568571622034",
      "n0.0",
      "n0.0",
      "n-0.49540680396285763",
      "n0.0",
      "n0.30268568571622034",
      "n0.0",
      "n-0.5158646667105433",
      "n-0.0",
      "n0.0",
      "n0.30268568571622034",
      "n-0.046215261237895364"
    ],
    "position": [
      1.576696,
      1.576696,
      0.13243000000000002
    ]
  },
  "a1_t2_hm": {
    "normView": [
      "n0.30268568571622034",
      "n0.0",
      "n0.0",
      "n-1.5134670046317542",
      "n0.0",
      "n0.30268568571622034",
      "n0.0",
      "n-0.5158646667105433",
      "n-0.0",
      "n0.0",
      "n0.30268568571622034",
      "n-0.046215261237895364"
    ],
    "position": [
      4.929512000000001,
      1.576696,
      0.13243000000000002
    ]
  },
  "a1_t3_hm": {
    "normView": [
      "n0.30268568571622034",
      "n0.0",
      "n0.0",
      "n-2.531527205300651",
      "n0.0",
      "n0.30268568571622034",
      "n0.0",
      "n-0.5158646667105433",
      "n-0.0",
      "n0.0",
      "n0.30268568571622034",
      "n-0.046215261237895364"
    ],
    "position": [
      8.282328000000001,
      1.576696,
      0.13243000000000002
    ]
  },
  "a1_t4_hm": {
    "normView": [
      "n0.30268568571622034",
      "n0.0",
      "n0.0",
      "n-3.549587405969547",
      "n0.0",
      "n0.30268568571622034",
      "n0.0",
      "n-0.5158646667105433",
      "n-0.0",
      "n0.0",
      "n0.30268568571622034",
      "n-0.046215261237895364"
    ],
    "position": [
      11.635144,
      1.576696,
      0.13243000000000002
    ]
  },
  "a2_t5_hm": {
    "normView": [
      "n0.30268568571622034",
      "n0.0",
      "n0.0",
      "n-4.5676476066384435",
      "n0.0",
      "n0.30268568571622034",
      "n0.0",
      "n-0.5158646667105433",
      "n-0.0",
      "n0.0",
      "n0.30268568571622034",
      "n-0.046215261237895364"
    ],
    "position": [
      14.987960000000001,
      1.576696,
      0.13243000000000002
    ]
  },
  "a2_t6_hm": {
    "normView": [
      "n0.30268568571622034",
      "n0.0",
      "n0.0",
      "n-5.58570780730734",
      "n0.0",
      "n0.30268568571622034",
      "n0.0",
      "n-0.5158646667105433",
      "n-0.0",
      "n0.0",
      "n0.30268568571622034",
      "n-0.046215261237895364"
    ],
    "position": [
      18.340776,
      1.576696,
      0.13243000000000002
    ]
  },
  "a2_t7_hm": {
    "normView": [
      "n0.30268568571622034",
      "n0.0",
      "n0.0",
      "n-6.603768007976237",
      "n0.0",
      "n0.30268568571622034",
      "n0.0",
      "n-0.5158646667105433",
      "n-0.0",
      "n0.0",
      "n0.30268568571622034",
      "n-0.046215261237895364"
    ],
    "position": [
      21.693592000000002,
      1.576696,
      0.13243000000000002
    ]
  },
  "default": {
    "layers": {
      "em-tomogram": {
        "contrastLimits": [
          0.0,
          255.0
        ]
      }
    }
  }
}